{
  "cx": 255.5,
  "cy": 255.5,
  "depth_scale": 0.1,
  "fx": 711.1112738715278,
  "fy": 711.1112738715278,
  "height": 512,
  "width": 512
}