{
  "0": {"cam_K": [572.411363389757, 0.0, 325.2611083984375, 0.0, 573.5704328585578, 242.04899588216654, 0.0, 0.0, 1.0], "cam_R_w2c": [-0.8260752558708191, 0.16708913445472717, -0.5382201075553894, 0.5118343830108643, 0.6221253871917725, -0.5924403667449951, 0.2358500212430954, -0.7648798823356628, -0.5994443297386169], "cam_t_w2c": [105.64656066894531, -113.92720031738281, 1062.5843505859375], "depth_scale": 1.0},
  "1": {"cam_K": [572.411363389757, 0.0, 325.2611083984375, 0.0, 573.5704328585578, 242.04899588216654, 0.0, 0.0, 1.0], "cam_R_w2c": [0.9910107851028442, 0.13364481925964355, 0.006061665713787079, 0.03686680644750595, -0.22926022112369537, -0.97266685962677, -0.12860217690467834, 0.9641468524932861, -0.2321264147758484], "cam_t_w2c": [-176.64300537109375, -155.39639282226562, 1169.06494140625], "depth_scale": 1.0},
  "2": {"cam_K": [572.411363389757, 0.0, 325.2611083984375, 0.0, 573.5704328585578, 242.04899588216654, 0.0, 0.0, 1.0], "cam_R_w2c": [-0.9680259823799133, 0.0854887142777443, 0.2358332872390747, -0.08502184599637985, 0.7726755738258362, -0.629081666469574, -0.23600201308727264, -0.6290183663368225, -0.7407016754150391], "cam_t_w2c": [-199.1348419189453, -67.70838165283203, 1122.8099365234375], "depth_scale": 1.0},
  "3": {"cam_K": [572.411363389757, 0.0, 325.2611083984375, 0.0, 573.5704328585578, 242.04899588216654, 0.0, 0.0, 1.0], "cam_R_w2c": [0.11707732826471329, -0.9151850342750549, -0.38565441966056824, -0.9034333825111389, 0.0631212666630745, -0.4240564703941345, 0.4124331474304199, 0.39806047081947327, -0.8194186091423035], "cam_t_w2c": [110.207763671875, -169.11512756347656, 1131.917724609375], "depth_scale": 1.0},
  "4": {"cam_K": [572.411363389757, 0.0, 325.2611083984375, 0.0, 573.5704328585578, 242.04899588216654, 0.0, 0.0, 1.0], "cam_R_w2c": [-0.1822478324174881, 0.9571977853775024, 0.22485189139842987, 0.8111025094985962, 0.27561846375465393, -0.5158946514129639, -0.5557865500450134, 0.08835729211568832, -0.8266164064407349], "cam_t_w2c": [-150.20608520507812, 16.03049659729004, 1090.350830078125], "depth_scale": 1.0},
  "5": {"cam_K": [572.411363389757, 0.0, 325.2611083984375, 0.0, 573.5704328585578, 242.04899588216654, 0.0, 0.0, 1.0], "cam_R_w2c": [-0.1453319787979126, 0.9879326224327087, -0.05355115607380867, 0.77725750207901, 0.08051556348800659, -0.6240096092224121, -0.6121677756309509, -0.1323115974664688, -0.7795795202255249], "cam_t_w2c": [-161.65878295898438, 37.67638397216797, 1173.03466796875], "depth_scale": 1.0},
  "6": {"cam_K": [572.411363389757, 0.0, 325.2611083984375, 0.0, 573.5704328585578, 242.04899588216654, 0.0, 0.0, 1.0], "cam_R_w2c": [0.6428991556167603, -0.31216102838516235, 0.6994542479515076, 0.6618266701698303, -0.2332950085401535, -0.712431788444519, 0.38557255268096924, 0.9209392666816711, 0.05661127716302872], "cam_t_w2c": [-93.07400512695312, 83.30172729492188, 1101.2232666015625], "depth_scale": 1.0},
  "7": {"cam_K": [572.411363389757, 0.0, 325.2611083984375, 0.0, 573.5704328585578, 242.04899588216654, 0.0, 0.0, 1.0], "cam_R_w2c": [-0.8094598650932312, 0.055619049817323685, 0.5845349431037903, -0.5279661417007446, 0.36670321226119995, -0.7660159468650818, -0.25695592164993286, -0.9286739230155945, -0.26746654510498047], "cam_t_w2c": [-24.89339828491211, 84.00373077392578, 1139.9420166015625], "depth_scale": 1.0},
  "8": {"cam_K": [572.411363389757, 0.0, 325.2611083984375, 0.0, 573.5704328585578, 242.04899588216654, 0.0, 0.0, 1.0], "cam_R_w2c": [-0.7701975107192993, 0.4308455288410187, -0.47028496861457825, 0.6370314955711365, 0.5559603571891785, -0.5339465737342834, 0.03141132369637489, -0.7108306288719177, -0.7026615142822266], "cam_t_w2c": [70.61392974853516, -135.86314392089844, 1004.4674682617188], "depth_scale": 1.0},
  "9": {"cam_K": [572.411363389757, 0.0, 325.2611083984375, 0.0, 573.5704328585578, 242.04899588216654, 0.0, 0.0, 1.0], "cam_R_w2c": [-0.47169339656829834, -0.6312447190284729, -0.6156585812568665, -0.025064831599593163, 0.70753014087677, -0.7062385082244873, 0.8814063668251038, -0.31769663095474243, -0.34955933690071106], "cam_t_w2c": [72.90068817138672, -56.18291473388672, 1002.3448486328125], "depth_scale": 1.0}
}